{
  "aggregate": {
    "faithfulness": 0.6589805954279637,
    "answer_relevancy": 0.7262439461123672,
    "context_precision": 1.0,
    "context_recall": 0.9362320574162679
  },
  "num_questions": 20,
  "failures": []
}